City,Lat,Lng,Max Temp,Humidity,Cloudiness,Wind Speed,Country,Date
provideniya,64.383333,-173.3,32.27,92.0,37.0,9.44,RU,1601205131.0
fresnillo,23.166667,-102.883333,55.4,66.0,90.0,2.59,MX,1601205551.0
marion,39.77,-86.16,61.0,87.0,1.0,9.17,US,1601205551.0
qaanaaq,77.48,-69.36,11.05,76.0,1.0,6.91,GL,1601205156.0
auki,-8.766666699999998,160.7,79.43,81.0,79.0,7.0,SB,1601205552.0
nhulunbuy,-12.23,136.77,78.8,83.0,40.0,6.93,AU,1601205222.0
grand gaube,-20.0063889,57.6608333,77.0,66.0,29.0,10.0,MU,1601205208.0
upernavik,72.79,-56.15,26.22,94.0,93.0,7.56,GL,1601205131.0
pryozerne,45.269764,36.330252,78.4,67.0,39.0,15.95,UA,1601205553.0
cape town,-33.925839,18.423218,62.01,51.0,75.0,5.82,ZA,1601204953.0
dudinka,69.405833,86.177778,37.4,93.0,75.0,4.47,RU,1601205264.0
albanel,48.88,-72.45,64.4,72.0,90.0,14.99,CA,1601205554.0
houma,29.6,-90.72,69.8,94.0,1.0,1.45,US,1601205257.0
vaini,-21.2,-175.2,73.4,78.0,75.0,8.05,TO,1601205135.0
atuona,-9.8,-139.0333333,77.43,75.0,1.0,13.78,PF,1601205163.0
sept-iles,50.2,-66.383333,46.4,100.0,90.0,3.36,CA,1601205237.0
ushuaia,-54.8,-68.3,33.8,80.0,42.0,4.7,AR,1601204909.0
georgetown,5.41,100.34,84.2,70.0,20.0,4.7,MY,1601205010.0
souillac,-20.5166667,57.5166667,75.2,73.0,75.0,14.99,MU,1601205164.0
halifax,44.65,-63.57,61.0,100.0,48.0,6.67,CA,1601205555.0
prince rupert,54.316667,-130.32,50.0,87.0,90.0,10.29,CA,1601205209.0
butaritari,3.07,172.79,82.71,75.0,13.0,10.36,KI,1601205132.0
rurrenabaque,-14.44,-67.53,72.82,84.0,6.0,0.83,BO,1601205556.0
talnakh,69.4865,88.3972,37.4,93.0,75.0,4.47,RU,1601205223.0
kita,13.03,-9.49,86.58,58.0,0.0,4.34,ML,1601205556.0
lorengau,-2.0166667,147.2666667,82.29,79.0,72.0,8.55,PG,1601205151.0
lavrentiya,65.583333,-171.0,33.39,93.0,70.0,10.56,RU,1601205189.0
barrow,71.2905556,-156.7886111,32.0,95.0,90.0,9.17,US,1601205144.0
torbay,47.67,-52.733332999999995,57.99,66.0,75.0,24.16,CA,1601205166.0
cerrito,6.84,-72.69,47.52,80.0,93.0,6.26,CO,1601205558.0
saint-philippe,-21.36,55.7666667,77.0,57.0,90.0,4.7,RE,1601205160.0
turka,49.15,23.03,48.0,89.0,96.0,7.0,UA,1601205558.0
pedinon,40.908888899999994,22.8666667,80.01,35.0,40.0,3.0,GR,1601205558.0
fortuna,40.6,-124.16,59.0,100.0,90.0,4.52,US,1601205173.0
puerto ayora,-0.74,-90.35,68.0,86.0,75.0,8.01,EC,1601205134.0
bila krynytsya,50.639818,29.470409000000004,62.6,93.0,100.0,15.66,UA,1601205559.0
pangnirtung,66.15,-65.71,28.53,92.0,59.0,0.78,CA,1601205136.0
rikitea,-23.120277800000004,-134.9691667,73.89,84.0,16.0,12.35,PF,1601205131.0
dikson,73.50694399999999,80.546389,37.02,78.0,100.0,18.68,RU,1601205205.0
airai,-8.93,125.41,62.35,89.0,54.0,2.73,TL,1601205137.0
hobyo,5.3513889,48.525555600000004,82.51,65.0,42.0,18.57,SO,1601205228.0
arraial do cabo,-22.966667,-42.03,73.4,88.0,27.0,4.7,BR,1601205145.0
san bartolome de tirajana,27.923672999999997,-15.573557000000001,77.0,61.0,40.0,26.4,ES,1601205560.0
grindavik,63.84,-22.433332999999998,46.4,100.0,75.0,6.93,IS,1601205137.0
ribeira grande,38.516667,-28.7,73.4,83.0,20.0,10.29,PT,1601205136.0
nata,8.33,-80.52,71.01,88.0,95.0,2.21,PA,1601205562.0
punta arenas,-53.15,-70.916667,37.4,77.0,90.0,6.93,CL,1601205130.0
mataura,-46.19,168.86,35.01,91.0,87.0,8.01,NZ,1601205132.0
san policarpo,12.1791,125.5072,83.43,78.0,31.0,6.85,PH,1601205184.0
pisco,-13.7,-76.2166667,55.99,87.0,0.0,3.36,PE,1601205563.0
hermanus,-34.418696000000004,19.234464000000003,60.01,56.0,35.0,5.01,ZA,1601205141.0
oriximina,-1.765278,-55.87,77.81,83.0,27.0,0.96,BR,1601205168.0
kahului,20.894722199999997,-156.47,78.8,61.0,1.0,9.17,US,1601205211.0
aklavik,68.216667,-135.01,32.0,91.0,90.0,5.82,CA,1601205243.0
darhan,49.49,105.92,46.81,55.0,37.0,4.74,MN,1601205564.0
naliya,23.266667,68.833333,86.2,58.0,34.0,12.88,IN,1601205565.0
new norfolk,-42.78075,147.05938700000002,48.0,68.0,77.0,1.99,AU,1601205192.0
yerbogachen,61.276667,108.010833,46.29,62.0,81.0,8.43,RU,1601205565.0
kutum,14.2,24.6666667,87.03,33.0,84.0,9.98,SD,1601205565.0
ahipara,-35.166667,173.166667,56.82,84.0,0.0,10.76,NZ,1601205179.0
vallenar,-28.570833,-70.75805600000001,51.82,63.0,0.0,1.12,CL,1601205566.0
ixtapa,20.7,-105.2,80.01,89.0,85.0,1.05,MX,1601205196.0
busselton,-33.652489,115.33,60.01,69.0,100.0,10.49,AU,1601205057.0
castro,-24.79,-50.01,74.37,45.0,0.0,5.95,BR,1601205142.0
nyurba,63.284167000000004,118.331944,42.89,79.0,84.0,4.97,RU,1601205566.0
hilo,19.729722199999998,-155.09,73.4,88.0,90.0,6.93,US,1601205145.0
kruisfontein,-34.003333000000005,24.731417,62.01,49.0,1.0,8.01,ZA,1601205263.0
kodiak,57.79,-152.40722219999998,46.4,81.0,90.0,11.41,US,1601205177.0
zhangjiakou,40.81,114.87944399999999,63.72,51.0,0.0,6.89,CN,1601205201.0
thompson,55.74,-97.86,41.0,100.0,90.0,5.82,CA,1601205145.0
mahebourg,-20.4080556,57.7,75.2,73.0,75.0,14.99,MU,1601205149.0
cidreira,-30.183333,-50.21,65.08,91.0,86.0,22.01,BR,1601205187.0
port elizabeth,-33.92,25.57,60.8,55.0,20.0,23.04,ZA,1601205148.0
carnarvon,-24.87,113.63,69.8,68.0,0.0,14.99,AU,1601204865.0
athabasca,54.716667,-113.29,42.91,81.0,6.0,12.03,CA,1601205569.0
kapaa,22.0783333,-159.3219444,80.6,74.0,20.0,13.87,US,1601205129.0
cherskiy,68.75,161.3,37.51,79.0,66.0,16.73,RU,1601205021.0
iqaluit,63.75,-68.51,28.4,79.0,75.0,5.82,CA,1601205150.0
guadalupe,25.68,-100.25,69.8,100.0,5.0,2.01,MX,1601205569.0
sal rei,16.1833333,-22.9166667,86.0,70.0,40.0,6.93,CV,1601205570.0
plettenberg bay,-34.052741999999995,23.3716,58.8,51.0,23.0,13.02,ZA,1601205188.0
warrington,53.39,-2.58,59.0,62.0,0.0,6.93,GB,1601205570.0
lebu,-37.616667,-73.65,46.15,85.0,8.0,9.35,CL,1601205136.0
nikolskoye,59.7,30.79,66.2,55.0,0.0,11.18,RU,1601205161.0
cabo san lucas,22.89,-109.91,78.01,90.0,0.0,1.99,MX,1601205225.0
porto torres,40.835,8.397222,64.4,59.0,40.0,14.99,IT,1601205571.0
phan thiet,10.933333,108.1,80.01,80.0,100.0,3.33,VN,1601205305.0
zholymbet,51.743333,71.712222,52.59,46.0,21.0,8.12,KZ,1601205572.0
cloquet,46.7216667,-92.4591667,52.0,87.0,1.0,9.17,US,1601205572.0
saskylakh,71.916667,114.08333300000001,38.62,81.0,100.0,14.23,RU,1601205146.0
isla mujeres,21.23,-86.73,82.4,83.0,75.0,5.82,MX,1601205572.0
chuy,-33.7,-53.46,61.38,98.0,100.0,8.12,UY,1601205149.0
ponta do sol,32.67,-17.1,71.6,73.0,75.0,13.87,PT,1601205156.0
dingle,11.0,122.67,79.39,84.0,89.0,3.09,PH,1601205232.0
krasnoarmeyskiy,47.0114,42.2072,77.4,25.0,45.0,21.63,RU,1601205573.0
jamestown,42.1,-79.24,60.01,100.0,75.0,9.17,US,1601205190.0
oistins,13.066666699999999,-59.533333299999995,80.6,83.0,40.0,10.29,BB,1601205574.0
samarai,-10.616666699999998,150.66666669999998,79.52,87.0,77.0,11.95,PG,1601205202.0
mecca,21.426667000000002,39.826111,110.59,6.0,0.0,6.38,SA,1601205574.0
severo-kurilsk,50.678889,156.125,48.24,79.0,100.0,14.38,RU,1601205175.0
northam,51.03,-4.22,60.01,76.0,10.0,1.99,GB,1601205224.0
fuente de oro,3.4594440000000004,-73.612778,70.05,91.0,99.0,2.89,CO,1601205575.0
ilulissat,69.2166667,-51.1,32.0,96.0,98.0,6.93,GL,1601205240.0
benjamin aceval,-24.966667,-57.566667,84.2,42.0,51.0,9.17,PY,1601205575.0
husavik,66.04,-17.34,44.6,93.0,90.0,6.93,IS,1601205174.0
tura,25.52,90.22,78.48,95.0,86.0,1.54,IN,1601205135.0
hasaki,35.733333,140.833333,68.0,82.0,75.0,4.7,JP,1601205033.0
bredasdorp,-34.532154,20.040308,59.0,51.0,46.0,9.17,ZA,1601205150.0
xinzhou,38.41,112.73,63.57,61.0,60.0,6.44,CN,1601205576.0
belaya gora,68.533333,146.416667,46.58,52.0,100.0,8.88,RU,1601205067.0
kota kinabalu,5.9749,116.0724,78.8,88.0,40.0,11.41,MY,1601205433.0
krasnoselkup,65.7,82.466667,49.33,86.0,77.0,12.44,RU,1601205577.0
gamboula,4.12,15.14,79.02,73.0,99.0,5.48,CF,1601205577.0
hobart,-42.88,147.33,48.2,57.0,75.0,10.29,AU,1601205049.0
saint george,37.1,-113.58,64.4,17.0,1.0,4.7,US,1601205158.0
nome,64.5011111,-165.4063889,32.0,95.0,1.0,11.41,US,1601205186.0
toccoa,34.5772222,-83.3325,64.99,93.0,90.0,1.41,US,1601205578.0
kleive,62.8,7.64,57.2,66.0,0.0,6.93,NO,1601205578.0
tuktoyaktuk,69.45,-133.04,32.83,97.0,100.0,10.16,CA,1601205156.0
chekhov,55.14,37.47,64.4,34.0,47.0,15.66,RU,1601205579.0
little current,45.98,-81.92,64.0,88.0,75.0,16.11,CA,1601205579.0
bara,10.37,10.73,84.96,61.0,41.0,7.07,NG,1601205579.0
bengkulu,-3.8,102.266667,78.39,81.0,100.0,2.93,ID,1601205072.0
constantine,36.37,6.614722200000001,73.4,31.0,40.0,25.28,DZ,1601205580.0
haines junction,60.75,-137.51,39.51,81.0,50.0,3.29,CA,1601205213.0
deputatskiy,69.3,139.9,38.12,96.0,100.0,4.45,RU,1601205205.0
mount gambier,-37.831799,140.77,42.8,81.0,11.0,6.93,AU,1601205236.0
faanui,-16.4833333,-151.75,78.71,77.0,39.0,15.61,PF,1601205222.0
stornoway,58.21,-6.39,48.99,70.0,20.0,11.41,GB,1601205189.0
sangueya,10.7,-14.366666699999998,83.59,73.0,66.0,4.5,GN,1601205581.0
longyearbyen,78.2166667,15.64,32.0,96.0,90.0,13.87,SJ,1601205173.0
puqi,29.716666999999998,113.88333300000001,67.24,91.0,87.0,4.61,CN,1601205581.0
albany,42.6,-73.97,64.99,82.0,78.0,4.23,US,1601205141.0
port arthur,38.8,121.27,75.0,68.0,20.0,4.47,CN,1601205582.0
tasiilaq,65.61,-37.64,35.6,93.0,99.0,2.24,GL,1601205167.0
channel-port aux basques,47.566666999999995,-59.14,56.17,89.0,95.0,8.97,CA,1601205582.0
tromso,69.65,18.96,41.0,75.0,8.0,18.34,NO,1601205583.0
mehamn,71.04,27.85,43.68,62.0,21.0,13.56,NO,1601205147.0
novovyazniki,56.197497999999996,42.171112,63.0,44.0,3.0,9.51,RU,1601205583.0
constitucion,-35.33,-72.42,47.12,80.0,0.0,6.69,CL,1601205220.0
bethel,41.37,-73.41,64.0,93.0,90.0,1.68,US,1601205183.0
port alfred,-33.590571999999995,26.891037,60.78,54.0,10.0,21.61,ZA,1601205131.0
perpignan,42.75,2.75,59.0,41.0,61.0,16.11,FR,1601205584.0
kandrian,-6.2166667,149.55,78.67,88.0,72.0,10.92,PG,1601205584.0
kavieng,-2.5666667000000003,150.8,82.26,80.0,52.0,12.59,PG,1601205180.0
huanren,41.260501,125.37,59.04,85.0,2.0,2.59,CN,1601205584.0
elat,29.558049,34.948212,93.2,44.0,0.0,14.99,IL,1601205585.0
chapleau,47.84,-83.4,57.2,100.0,90.0,4.7,CA,1601205585.0
ostrovnoy,68.05305600000001,39.513056,46.65,69.0,21.0,8.1,RU,1601205159.0
brandon,27.94,-82.29,78.01,88.0,1.0,4.23,US,1601205585.0
yellowknife,62.46,-114.35,42.8,93.0,90.0,6.93,CA,1601205153.0
whyalla,-33.032681,137.58,57.2,71.0,74.0,3.36,AU,1601205240.0
kloulklubed,7.039444400000001,134.26,80.6,83.0,75.0,3.36,PW,1601205273.0
vanimo,-2.6666667,141.3,80.17,78.0,50.0,2.42,PG,1601205586.0
siloam springs,36.188055600000006,-94.5402778,60.8,100.0,1.0,3.36,US,1601205587.0
taltal,-25.4,-70.48,53.98,75.0,3.0,1.43,CL,1601205587.0
ancud,-41.869721999999996,-73.820278,45.0,94.0,30.0,1.28,CL,1601205129.0
sao joao da barra,-21.64,-41.05,73.4,83.0,0.0,8.05,BR,1601205192.0
erzin,36.96,36.2,82.99,73.0,0.0,7.43,TR,1601205588.0
isangel,-19.55,169.2666667,73.53,85.0,4.0,6.6,VU,1601205146.0
iguape,-24.71,-47.56,70.83,86.0,12.0,4.38,BR,1601205588.0
necochea,-38.547259000000004,-58.736753,51.01,99.0,100.0,11.01,AR,1601205235.0
rundu,-17.9333333,19.7666667,100.08,8.0,0.0,4.79,NA,1601205589.0
mar del plata,-38.002278000000004,-57.557539,54.0,100.0,90.0,3.36,AR,1601205138.0
touros,-5.2,-35.46,73.4,88.0,20.0,8.05,BR,1601205191.0
port hardy,50.7,-127.42,48.2,100.0,90.0,4.7,CA,1601205141.0
saint-augustin,51.233333,-58.65,50.9,95.0,100.0,9.69,CA,1601205223.0
codrington,-38.27,141.97,41.47,77.0,0.0,6.22,AU,1601205134.0
ihosy,-22.4,46.1166667,89.83,21.0,17.0,1.28,MG,1601205590.0
bluff,-46.6,168.333333,35.01,91.0,98.0,8.01,NZ,1601205140.0
ayan,56.45,138.166667,49.69,88.0,25.0,3.04,RU,1601205154.0
coos bay,43.3666667,-124.21666670000002,54.0,100.0,1.0,5.79,US,1601205590.0
weligama,5.9666667,80.41666670000001,83.28,75.0,58.0,10.83,LK,1601205591.0
pudozh,61.809881999999995,36.534541,66.85,56.0,0.0,5.14,RU,1601205132.0
raga,8.46,25.6833333,87.78,61.0,77.0,2.8,SS,1601205591.0
san patricio,19.22,-104.7,77.4,85.0,42.0,2.33,MX,1601205139.0
glenwood springs,39.5505556,-107.3241667,59.0,69.0,1.0,12.75,US,1601205151.0
east london,-33.02,27.910049,62.6,48.0,0.0,17.22,ZA,1601205239.0
churapcha,62.0025,132.4325,54.21,81.0,100.0,12.93,RU,1601205592.0
gat,31.61,34.76,90.0,70.0,0.0,14.34,IL,1601205592.0
cockburn town,21.46,-71.14,83.32,68.0,8.0,11.56,TC,1601205189.0
chokurdakh,70.633333,147.916667,41.79,64.0,93.0,7.29,RU,1601205146.0
epinal,48.183240000000005,6.453043,48.2,93.0,90.0,19.46,FR,1601205593.0
norman wells,65.283333,-126.83,35.6,85.0,90.0,3.36,CA,1601205226.0
greenwood,34.17,-82.12,59.0,100.0,75.0,1.12,US,1601205593.0
tiksi,71.68722199999999,128.869444,42.26,86.0,100.0,10.0,RU,1601205137.0
rivera,-30.91,-55.55,64.22,96.0,100.0,9.37,UY,1601205594.0
poltavka,54.36629,71.76319000000001,56.26,50.0,70.0,5.5,RU,1601205594.0
vila velha,-20.333333,-40.29,73.4,78.0,0.0,11.41,BR,1601205594.0
axim,4.8683333,-2.2413889,80.49,75.0,97.0,9.17,GH,1601205594.0
katobu,-4.94,122.53,76.28,83.0,41.0,5.39,ID,1601205240.0
nedjo,9.5,35.5,72.18,80.0,32.0,1.19,ET,1601205595.0
ballina,-28.87,153.57,60.8,59.0,0.0,8.05,AU,1601205595.0
cazones,20.716667,-97.31666700000001,75.0,92.0,62.0,2.77,MX,1601205595.0
makakilo city,21.346944399999998,-158.08583330000002,78.8,73.0,20.0,3.36,US,1601205595.0
los llanos de aridane,28.658507,-17.918211,77.0,61.0,75.0,16.11,ES,1601205257.0
humberto de campos,-2.6,-43.46,81.01,71.0,47.0,11.05,BR,1601205596.0
hamilton,39.18,-84.53,63.0,93.0,20.0,5.82,US,1601205171.0
faya,18.39,42.45,84.2,11.0,20.0,5.82,SA,1601205596.0
penzance,50.12,-5.54,55.4,62.0,17.0,19.46,GB,1601205597.0
guozhen,34.365907,107.359045,64.35,70.0,70.0,1.39,CN,1601205597.0
klaksvik,62.2333333,-6.59,46.4,87.0,99.0,16.11,FO,1601205173.0
hami,42.8,93.45,69.17,22.0,97.0,6.71,CN,1601205161.0
santa isabel do rio negro,-0.41,-65.02,73.49,96.0,98.0,1.57,BR,1601205597.0
seoul,37.57,126.9783,73.4,49.0,90.0,3.36,KR,1601204987.0
alihe,50.566666999999995,123.71666699999999,49.42,60.0,2.0,8.05,CN,1601205598.0
tilichiki,60.466667,166.1,34.36,90.0,48.0,2.8,RU,1601205189.0
esperance,-33.87,121.9,59.0,82.0,90.0,5.82,AU,1601205158.0
pareora,-44.49,171.21,46.0,39.0,20.0,11.99,NZ,1601205598.0
kalabo,-14.9666667,22.6833333,102.92,8.0,9.0,4.32,ZM,1601205240.0
windhoek,-22.56,17.0836111,78.8,2.0,0.0,10.29,NA,1601205599.0
zhangzhou,24.513333,117.655556,73.4,78.0,90.0,4.47,CN,1601205599.0
san cristobal,7.77,-72.22,65.03,74.0,96.0,1.41,VE,1601205162.0
tiznit,29.58,-9.5,76.05,44.0,0.0,6.24,MA,1601205222.0
avarua,-21.207777800000002,-159.775,69.8,83.0,98.0,6.93,CK,1601205140.0
luanda,-8.84,13.23,80.6,61.0,75.0,4.7,AO,1601205203.0
luderitz,-26.648055600000003,15.159444400000002,63.82,41.0,0.0,25.81,NA,1601205247.0
laguna,38.42,-121.42,75.2,36.0,1.0,13.87,US,1601205277.0
sao raimundo nonato,-9.016667,-42.7,77.14,58.0,100.0,10.42,BR,1601205600.0
sola,-13.883333300000002,167.55,80.04,79.0,57.0,18.72,VU,1601205601.0
inyonga,-6.7166667,32.0666667,90.55,24.0,50.0,3.33,TZ,1601205601.0
westport,41.14,-73.36,68.0,94.0,90.0,5.82,US,1601205208.0
hithadhoo,-0.6,73.08,83.08,65.0,77.0,3.29,MV,1601205169.0
ponta delgada,37.733333,-25.666667,69.8,94.0,75.0,13.87,PT,1601205602.0
viransehir,37.235278,39.763056,96.33,14.0,0.0,12.73,TR,1601205602.0
moron,-34.65,-58.62,60.01,100.0,90.0,8.05,AR,1601205225.0
saint-pierre,-21.34,55.48,77.0,57.0,90.0,4.7,RE,1601205227.0
margate,51.38,1.39,55.0,87.0,100.0,5.01,GB,1601205288.0
vostok,46.49,135.88,43.0,77.0,0.0,2.75,RU,1601205603.0
shingu,33.73,135.98,71.6,60.0,20.0,11.41,JP,1601205037.0
rio grande,-32.03,-52.1,64.99,94.0,100.0,1.99,BR,1601205247.0
douentza,15.0,-2.95,94.82,35.0,1.0,9.93,ML,1601205604.0
geraldton,-28.77,114.6,62.6,63.0,11.0,6.93,AU,1601205121.0
macamic,48.75,-79.0,62.6,93.0,90.0,16.11,CA,1601205604.0
gizo,-8.1,156.84,83.21,77.0,87.0,10.63,SB,1601205604.0
pacific grove,36.6177778,-121.91555559999999,59.0,96.0,44.0,5.08,US,1601205604.0
florence,43.77,11.25,57.99,62.0,40.0,6.93,IT,1601205605.0
tuy hoa,13.083333,109.3,79.43,86.0,86.0,3.91,VN,1601205197.0
pevek,69.70083299999999,170.313333,34.75,88.0,1.0,18.92,RU,1601205033.0
jizan,17.33,42.67,96.8,63.0,20.0,12.75,SA,1601205271.0
misratah,32.3783333,15.090555599999998,78.13,71.0,100.0,16.78,LY,1601205605.0
aykhal,66.0,111.5,32.0,91.0,90.0,8.95,RU,1601205606.0
santa maria,-29.68,-53.81,64.4,100.0,90.0,2.24,BR,1601205606.0
luwuk,-0.9516,122.7875,78.87,76.0,93.0,4.5,ID,1601205606.0
baripada,21.93,86.721389,89.17,68.0,30.0,4.74,IN,1601205606.0
sao felix do xingu,-6.64,-51.99,76.05,86.0,29.0,1.16,BR,1601205607.0
vasudevanallur,9.233333,77.416667,90.59,48.0,60.0,7.67,IN,1601205607.0
gibraleon,37.37628,-6.968952000000001,75.0,45.0,11.0,1.99,ES,1601205607.0
bull savanna,17.89,-77.59,75.88,82.0,0.0,3.11,JM,1601205608.0
sorland,67.666667,12.69,46.4,66.0,20.0,8.05,NO,1601205266.0
berdigestyakh,62.098889,126.69916699999999,50.97,72.0,100.0,7.23,RU,1601205189.0
abu zabad,12.35,29.25,92.68,34.0,73.0,1.7,SD,1601205608.0
shenjiamen,29.957625,122.29801699999999,71.91,80.0,67.0,13.02,CN,1601205608.0
tibati,6.4666667,12.633333300000002,73.53,84.0,100.0,3.78,CM,1601205609.0
marsa matruh,31.35,27.25,87.8,62.0,0.0,6.93,EG,1601205609.0
farah,32.5,62.5,89.8,11.0,0.0,23.15,AF,1601205610.0
shubarshi,48.587222,57.186944,62.2,30.0,0.0,13.4,KZ,1601205610.0
mulki,13.1,74.8,84.2,74.0,75.0,9.17,IN,1601205610.0
lgov,51.63,35.2843,68.0,38.0,36.0,14.0,RU,1601205610.0
emerald,-23.53,148.17,69.8,21.0,0.0,8.05,AU,1601205257.0
bulawayo,-20.15,28.5833333,95.56,10.0,0.0,4.03,ZW,1601205611.0
chissamba,-12.166667,17.333333,98.91,16.0,2.0,2.01,AO,1601205611.0
douglas,41.3,-96.17,63.0,67.0,90.0,11.68,US,1601205611.0
zhezkazgan,47.8,67.71,59.0,33.0,40.0,17.9,KZ,1601205611.0
am timan,11.0333333,20.283333300000002,80.04,77.0,100.0,4.34,TD,1601205612.0
xiaoweizhai,26.190278,107.5125,59.16,92.0,100.0,2.86,CN,1601205612.0
yumen,40.28,97.2,63.88,25.0,85.0,11.16,CN,1601205167.0
henties bay,-22.1166667,14.2833333,62.01,71.0,0.0,10.0,NA,1601205209.0
maxixe,-23.859722199999997,35.3472222,84.2,70.0,40.0,11.41,MZ,1601205276.0
dunda,-8.1166667,34.25,99.88,15.0,58.0,1.41,TZ,1601205613.0
vanavara,60.34,102.27972199999999,44.67,70.0,100.0,7.49,RU,1601205613.0
sitka,57.0530556,-135.33,53.6,66.0,90.0,17.22,US,1601205155.0
holstebro,56.359471,8.620799,64.0,88.0,90.0,18.34,DK,1601205614.0
londoko,49.033333,131.98333300000002,48.2,90.0,71.0,1.92,RU,1601205615.0
beibei,29.825556,106.433889,73.0,68.0,90.0,6.71,CN,1601205615.0
surt,31.206111100000005,16.5947222,84.99,54.0,69.0,13.11,LY,1601205234.0
zheshart,62.07314,49.573347999999996,62.19,63.0,66.0,6.6,RU,1601205615.0
nemuro,43.323611,145.575,58.1,82.0,100.0,19.98,JP,1601205176.0
altay,47.866667,88.116667,50.14,45.0,3.0,3.22,CN,1601205528.0
tsabong,-26.02,22.4,73.67,18.0,0.0,7.81,BW,1601205616.0
shakawe,-18.3666667,21.85,101.57,8.0,0.0,4.03,BW,1601205616.0
conde,-7.26,-34.91,75.2,94.0,46.0,8.05,BR,1601205616.0
vardo,70.366667,31.11,44.6,65.0,20.0,5.82,NO,1601205617.0
iwaki,37.05,140.883333,66.0,95.0,81.0,1.01,JP,1601205617.0
hailar,49.2,119.7,48.07,62.0,94.0,7.99,CN,1601205341.0
concepcion del uruguay,-32.482493,-58.237217,61.0,97.0,98.0,5.99,AR,1601205617.0
severnoye,56.35,78.36,51.26,70.0,0.0,3.65,RU,1601205617.0
gay,51.47,58.46,66.2,34.0,0.0,6.71,RU,1601205618.0
ocean city,39.2775,-74.57,68.0,93.0,90.0,3.36,US,1601205618.0
kavaratti,10.566667,72.64,82.33,77.0,100.0,12.35,IN,1601205135.0
noumea,-22.28,166.46,69.8,100.0,90.0,3.36,NC,1601205586.0
khatanga,71.966667,102.5,38.41,79.0,98.0,26.6,RU,1601205188.0
mana,5.66,-53.783333299999995,77.85,85.0,65.0,7.87,GF,1601205619.0
bambous virieux,-20.3427778,57.7575,77.0,73.0,75.0,14.99,MU,1601205179.0
hualmay,-11.1,-77.61,58.41,86.0,15.0,6.02,PE,1601205619.0
sampit,-2.5333330000000003,112.95,76.69,89.0,92.0,0.54,ID,1601205620.0
santa fe,-31.63,-60.7,60.01,74.0,57.0,8.01,AR,1601205620.0
oranjemund,-28.55,16.4333333,60.1,51.0,0.0,14.88,NA,1601205620.0
pocone,-16.259722,-56.62,85.3,49.0,0.0,8.81,BR,1601205620.0
pergamino,-33.889949,-60.573568,55.0,93.0,98.0,5.01,AR,1601205620.0
mount barker,-35.066666999999995,138.866667,50.0,92.0,38.0,3.85,AU,1601205621.0
lata,40.16,-8.33,77.0,52.0,64.0,8.19,PT,1601205184.0
aitape,-3.14,142.35,80.17,82.0,92.0,4.38,PG,1601205621.0
venice,27.1,-82.45,81.0,88.0,1.0,4.7,US,1601205621.0
dongsheng,39.816085,109.97762900000001,61.99,60.0,49.0,13.87,CN,1601205622.0
fort nelson,58.81,-122.7,41.0,100.0,40.0,6.93,CA,1601205146.0
salinopolis,-0.61,-47.36,80.87,76.0,56.0,12.55,BR,1601205622.0
jinchang,38.495278000000006,102.173889,68.74,41.0,28.0,9.48,CN,1601205622.0
champerico,14.3,-91.916667,64.99,97.0,10.0,8.19,GT,1601205623.0
yeppoon,-23.126829,150.73,68.0,72.0,0.0,4.7,AU,1601205623.0
sao filipe,14.9,-24.5,81.39,75.0,67.0,6.11,CV,1601205172.0
kodinsk,58.688056,99.184444,45.63,82.0,99.0,6.55,RU,1601205623.0
namatanai,-3.6666667,152.43333330000002,81.77,78.0,64.0,7.05,PG,1601205149.0
gondanglegi,-7.75,112.01,78.4,70.0,98.0,17.92,ID,1601205624.0
nishihara,26.184167000000002,127.75583300000001,77.0,83.0,75.0,9.17,JP,1601205202.0
rocha,-34.4833333,-54.3333333,61.39,95.0,100.0,6.76,UY,1601205249.0
datong,40.093610999999996,113.291389,64.96,52.0,50.0,5.35,CN,1601205624.0
sayat,38.781111100000004,63.88,75.2,15.0,44.0,16.11,TM,1601205625.0
colares,38.799215000000004,-9.44691,72.0,68.0,75.0,16.11,PT,1601205625.0
victoria,22.29,114.16,82.99,82.0,100.0,1.01,HK,1601205161.0
pauini,-7.71,-66.98,72.64,88.0,23.0,1.3,BR,1601205179.0
portland,45.52,-122.68,55.99,87.0,90.0,1.03,US,1601205262.0
tuatapere,-46.133333,167.683333,35.01,91.0,75.0,8.01,NZ,1601205136.0
nuuk,64.1833333,-51.72,33.8,81.0,94.0,2.24,GL,1601205626.0
caravelas,-17.71,-39.25,76.86,68.0,18.0,5.79,BR,1601205282.0
miraflores,19.22,-98.81,57.2,87.0,40.0,4.7,MX,1601205626.0
pasighat,28.066667,95.333333,75.06,88.0,100.0,4.56,IN,1601205627.0
aksarka,66.560556,67.7975,56.98,73.0,80.0,17.92,RU,1601205627.0
pierre,44.368333299999996,-100.35055559999999,55.0,42.0,1.0,14.99,US,1601205627.0
gobabis,-22.45,18.966666699999998,82.27,12.0,0.0,8.34,NA,1601205133.0
karratha,-20.73649,116.84638000000001,74.44,52.0,0.0,17.43,AU,1601205233.0
abu kamal,34.45,40.91861110000001,95.34,20.0,0.0,10.67,SY,1601205628.0
kot diji,27.342724,68.708343,96.8,47.0,0.0,6.93,PK,1601205628.0
igarka,67.4655,86.58,45.45,73.0,100.0,9.98,RU,1601205628.0
shizukuishi,39.683333000000005,140.98333300000002,59.0,93.0,40.0,1.12,JP,1601205513.0
maniwaki,46.38,-75.966667,60.75,96.0,100.0,10.65,CA,1601205628.0
bontang,0.13333299999999998,117.5,79.48,79.0,70.0,6.13,ID,1601205181.0
ukiah,39.1502778,-123.20666670000001,62.01,72.0,1.0,2.68,US,1601205228.0
juneau,58.301944400000004,-134.4197222,52.0,87.0,90.0,11.41,US,1601205629.0
mandalgovi,45.76,106.26666670000002,46.8,49.0,75.0,3.27,MN,1601205629.0
zapolyarnyy,69.42,30.81,44.6,56.0,13.0,11.41,RU,1601205629.0
kenai,60.5544444,-151.2583333,46.0,93.0,75.0,8.05,US,1601204989.0
banda aceh,5.5577,95.3222,82.13,74.0,51.0,9.06,ID,1601205630.0
belleville,44.18,-77.37,66.2,82.0,75.0,8.05,CA,1601205630.0
katsuura,35.133333,140.3,69.8,88.0,75.0,5.82,JP,1601205176.0
port hawkesbury,45.62,-61.35,60.01,93.0,90.0,4.7,CA,1601205172.0
olinda,-8.01,-34.86,75.2,88.0,20.0,6.93,BR,1601205631.0
ust-kan,50.9276,84.76100000000001,38.88,73.0,99.0,5.06,RU,1601205631.0
marrakesh,31.631484999999998,-8.008281,75.2,50.0,3.0,3.36,MA,1601205199.0
mogadishu,2.04,45.34,81.28,69.0,49.0,13.2,SO,1601205171.0
brigantine,39.41,-74.365,68.0,93.0,90.0,3.36,US,1601205632.0
tabou,4.42295,-7.3528,80.19,80.0,35.0,9.69,CI,1601205242.0
huarmey,-10.066666699999999,-78.15,59.81,86.0,58.0,4.99,PE,1601205633.0
adrar,20.5,-10.07,96.8,14.0,0.0,14.7,MR,1601205294.0
tual,-5.6666669999999995,132.75,81.79,82.0,80.0,18.39,ID,1601205224.0
kasane,-17.8166667,25.15,98.6,6.0,0.0,4.7,BW,1601205633.0
bodden town,19.283333300000002,-81.25,84.0,80.0,10.0,8.99,KY,1601205634.0
san andres,12.58,-81.7,77.0,100.0,40.0,2.24,CO,1601205634.0
namibe,-15.196110999999998,12.152222,70.25,68.0,63.0,11.7,AO,1601205142.0
bonavista,48.65,-53.11,55.31,80.0,89.0,20.76,CA,1601205634.0
ajaccio,42.0,8.92,57.2,82.0,100.0,3.42,FR,1601205635.0
clyde river,70.47,-68.59,26.6,92.0,75.0,10.29,CA,1601205211.0
sangar,63.924167000000004,127.47388899999999,45.18,91.0,100.0,7.14,RU,1601205294.0
andros town,24.7,-77.7666667,77.0,100.0,40.0,1.12,BS,1601205635.0
cayenne,4.9333333,-52.3333333,77.0,100.0,29.0,1.12,GF,1601205635.0
teguldet,57.306389,88.166667,46.11,76.0,92.0,3.33,RU,1601205636.0
olafsvik,64.89,-23.71,45.7,84.0,99.0,4.63,IS,1601205273.0
shihezi,44.3,86.033333,59.63,32.0,100.0,7.23,CN,1601205636.0
avola,36.91,15.14,75.99,56.0,100.0,7.0,IT,1601205636.0
clyde,41.3,-82.98,63.0,89.0,28.0,16.06,US,1601205636.0
nabire,-3.3666669999999996,135.48333300000002,76.93,87.0,92.0,4.23,ID,1601205224.0
mount isa,-20.725229000000002,139.497269,78.8,15.0,74.0,11.41,AU,1601205245.0
viedma,-40.813452000000005,-62.996676,51.01,66.0,98.0,8.01,AR,1601205221.0
acapulco,16.86,-99.89,78.55,79.0,93.0,4.65,MX,1601205013.0
astara,38.5,48.67,82.4,68.0,20.0,21.92,AZ,1601205638.0
kyaikto,17.3,97.0166667,82.13,84.0,100.0,6.85,MM,1601205638.0
bandarbeyla,9.49,50.81,82.13,68.0,20.0,27.78,SO,1601205639.0
chapais,49.783333,-74.85,59.0,100.0,90.0,9.17,CA,1601205639.0
yafran,32.063055600000006,12.5269444,84.15,32.0,96.0,17.11,LY,1601205639.0
cartagena,10.4,-75.51,80.55,82.0,90.0,4.97,CO,1601205640.0
buraydah,26.325986,43.98,100.4,17.0,0.0,5.82,SA,1601205188.0
yenagoa,4.924722,6.264167,81.39,81.0,95.0,7.16,NG,1601205640.0
hellin,38.510605,-1.7009610000000002,72.0,34.0,20.0,17.22,ES,1601205641.0
roebourne,-20.78,117.13,75.99,45.0,0.0,17.81,AU,1601205641.0
wenling,28.366944,121.36,73.99,79.0,96.0,6.89,CN,1601205641.0
nouadhibou,20.93,-17.03,89.6,35.0,0.0,12.75,MR,1601205641.0
carutapera,-1.2,-46.016667,80.56,76.0,96.0,8.43,BR,1601205181.0
finschhafen,-6.6,147.87,79.97,77.0,40.0,6.04,PG,1601205642.0
grand-lahou,5.1355260000000005,-5.023964,79.02,84.0,76.0,5.99,CI,1601205642.0
sisimiut,66.94,-53.67,32.68,92.0,98.0,8.41,GL,1601205179.0
abashiri,44.019721999999994,144.27,55.0,93.0,75.0,16.11,JP,1601205354.0
obo,5.4,26.49,81.77,74.0,56.0,4.59,CF,1601205642.0
naujamiestis,55.69,24.15,71.6,49.0,0.0,16.11,LT,1601205643.0
kolosovka,56.467786,73.610957,47.93,82.0,100.0,5.86,RU,1601205643.0
zhigansk,66.769722,123.37111100000001,40.66,86.0,29.0,2.86,RU,1601205140.0
sabzevar,36.212598,57.681906000000005,87.8,16.0,0.0,6.93,IR,1601205643.0
vijayawada,16.516667,80.616667,91.4,66.0,90.0,6.93,IN,1601205578.0
narsaq,60.92,-46.05,33.8,50.0,0.0,3.36,GL,1601205256.0
male,4.1666667,73.51,87.8,70.0,75.0,6.93,MV,1601205561.0
saint anthony,45.02,-93.22,55.99,87.0,20.0,5.82,US,1601205168.0
salalah,17.0175,54.09,84.2,62.0,43.0,12.75,OM,1601205644.0
comodoro rivadavia,-45.87,-67.496558,46.4,61.0,0.0,12.75,AR,1601205645.0
qaqortoq,60.716666700000005,-46.033333299999995,33.8,50.0,0.0,3.36,GL,1601205208.0
syracuse,37.09,15.28,75.99,50.0,75.0,6.93,IT,1601205645.0
luhyny,51.082025,28.400570000000002,62.92,90.0,100.0,9.71,UA,1601205645.0
hearst,49.68,-83.666667,53.71,99.0,100.0,1.88,CA,1601205646.0
padang,-0.95,100.35,79.38,69.0,100.0,4.65,ID,1601205265.0
ardesen,41.191111,40.9875,82.4,61.0,0.0,8.05,TR,1601205646.0
bella union,-30.28,-57.6,66.36,94.0,100.0,13.6,UY,1601205646.0
fairbanks,64.8377778,-147.7163889,39.2,86.0,1.0,10.29,US,1601205255.0
alofi,-19.06,-169.91666669999998,73.4,88.0,89.0,11.41,NU,1601205170.0
karuzi,-3.12,30.13,83.48,36.0,70.0,6.15,BI,1601205647.0
manakara,-22.1333333,48.0166667,77.79,69.0,4.0,13.8,MG,1601205647.0
cabedelo,-6.98,-34.833333,75.2,94.0,73.0,8.05,BR,1601205647.0
muisne,0.6,-80.03,73.92,86.0,85.0,3.09,EC,1601205647.0
harper,4.375,-7.7169444,80.76,78.0,25.0,9.78,LR,1601205251.0
haimen,23.193486,116.614218,80.6,69.0,96.0,8.95,CN,1601205648.0
jorpeland,59.016667000000005,6.04,63.0,72.0,75.0,0.87,NO,1601205648.0
jiayuguan,39.816666999999995,98.3,63.86,26.0,83.0,1.41,CN,1601205648.0
brightwater,-41.383333,173.116667,48.99,84.0,82.0,1.99,NZ,1601205649.0
port hueneme,34.1477778,-119.2,66.2,88.0,90.0,5.35,US,1601205649.0
goderich,43.75,-81.72,66.0,86.0,98.0,1.99,CA,1601205175.0
okha,53.57,142.95,46.36,88.0,0.0,12.8,RU,1601205393.0
saint-joseph,-21.37,55.62,77.0,57.0,90.0,4.7,RE,1601205650.0
benicarlo,40.416501000000004,0.427087,61.0,42.0,0.0,25.01,ES,1601205245.0
bacolod,10.67,122.95,81.3,81.0,58.0,3.22,PH,1601205414.0
borovoy,55.43,86.08,48.2,70.0,75.0,6.71,RU,1601205251.0
alexandria,31.22,29.96,91.4,41.0,0.0,4.7,EG,1601205650.0
inta,66.03,60.17,51.46,78.0,92.0,18.45,RU,1601205651.0
basco,20.448649,121.97017199999999,83.07,82.0,68.0,12.28,PH,1601205651.0
saldanha,-33.01167,17.944202,60.8,44.0,19.0,4.7,ZA,1601205160.0
acajutla,13.592777800000002,-89.8275,66.0,100.0,61.0,6.51,SV,1601205651.0
itatskiy,56.07,89.03694399999999,44.74,83.0,100.0,4.47,RU,1601205651.0
leicester,52.64,-1.13,54.0,66.0,40.0,14.99,GB,1601205652.0
dronninglund,57.160353,10.292869999999999,62.01,89.0,97.0,5.99,DK,1601205652.0
ravar,31.265625,56.80545,91.15,10.0,19.0,14.52,IR,1601205652.0
buin,-33.73,-70.75,55.0,86.0,0.0,1.95,CL,1601205652.0
arbagar,51.94,116.28,46.08,65.0,82.0,12.24,RU,1601205652.0
bajil,15.06,43.29,97.3,43.0,57.0,16.13,YE,1601205653.0
kachug,53.960556000000004,105.881667,42.55,77.0,94.0,5.5,RU,1601205268.0
ahuimanu,21.444722199999998,-157.83777780000003,78.8,65.0,20.0,6.93,US,1601205653.0
akdepe,42.06,59.38,68.0,22.0,1.0,18.34,TM,1601205654.0
the valley,18.216666699999998,-63.06,84.99,78.0,20.0,6.93,AI,1601205654.0
svarstad,59.4,9.97,53.01,1.0,98.0,3.0,NO,1601205654.0
kindu,-2.95,25.95,84.97,62.0,91.0,2.44,CD,1601205286.0
mill valley,37.906111100000004,-122.55,64.99,88.0,0.0,4.05,US,1601205654.0
tessalit,20.2013889,1.0088889,101.43,8.0,0.0,9.86,ML,1601205260.0
moree,-29.47,149.85,55.4,53.0,0.0,5.82,AU,1601205655.0
tortoli,39.925556,9.657222,60.8,63.0,20.0,11.41,IT,1601205655.0
la asuncion,11.0333333,-63.862777799999996,78.8,88.0,54.0,2.24,VE,1601205655.0
jaumave,23.416667,-99.383333,75.0,62.0,0.0,1.99,MX,1601205655.0
saravena,6.9537580000000005,-71.87523,70.45,70.0,54.0,2.82,CO,1601205656.0
dwarka,22.239444,68.96777800000001,84.13,64.0,98.0,11.01,IN,1601205656.0
maoming,21.65,110.9,79.03,89.0,99.0,9.15,CN,1601205656.0
cooma,-36.234691999999995,149.125977,35.6,69.0,0.0,6.93,AU,1601205656.0
naze,28.366667,129.48333300000002,77.0,83.0,75.0,4.7,JP,1601205060.0
sungaipenuh,-2.083333,101.383333,67.8,87.0,97.0,2.42,ID,1601205657.0
indramayu,-6.326389,108.32,83.73,69.0,29.0,8.39,ID,1601205657.0
najran,17.49,44.13,95.0,14.0,63.0,6.93,SA,1601205657.0
eqbaliyeh,35.3022,51.5358,89.6,13.0,0.0,9.17,IR,1601205657.0
neiafu,-18.65,-173.9833333,75.99,79.0,60.0,18.57,TO,1601205658.0
beira,-19.8436111,34.83888889999999,82.0,78.0,75.0,12.75,MZ,1601205658.0
lompoc,34.639166700000004,-120.45694440000001,57.2,93.0,1.0,2.62,US,1601205175.0
xuddur,4.116666700000001,43.89,92.43,31.0,39.0,11.01,SO,1601205658.0
wanning,18.800278,110.396667,82.26,84.0,100.0,4.43,CN,1601205658.0
amapa,1.0,-52.0,76.33,81.0,24.0,2.86,BR,1601205659.0
warrnambool,-38.38176,142.48,42.01,83.0,0.0,6.42,AU,1601205659.0
caucaia,-3.74,-38.65,80.01,83.0,75.0,12.75,BR,1601205659.0
tezu,27.916666999999997,96.166667,74.23,87.0,99.0,2.37,IN,1601205195.0
ferrara,44.8,11.83,63.0,62.0,40.0,6.29,IT,1601205659.0
kununurra,-15.77,128.73,78.8,88.0,90.0,2.24,AU,1601205660.0
muzhi,65.366667,64.666667,59.83,67.0,81.0,19.04,RU,1601205660.0
bereda,43.27,-7.54,63.0,71.0,55.0,5.99,ES,1601205660.0
guiratinga,-16.35,-53.76,82.2,48.0,0.0,4.68,BR,1601205661.0
pouebo,-20.4,164.56666669999998,74.14,83.0,74.0,4.76,NC,1601205661.0
joshimath,30.566667,79.56666700000001,67.26,38.0,16.0,6.17,IN,1601205661.0
rakitnoye,50.84,35.85,68.0,30.0,67.0,15.66,RU,1601205415.0
tommot,58.956389,126.2925,47.93,58.0,37.0,8.21,RU,1601205662.0
meulaboh,4.1363,96.1285,81.84,76.0,64.0,4.36,ID,1601205170.0
pizarro,4.95,-77.37,73.96,91.0,66.0,4.14,CO,1601205255.0
naryan-mar,67.67,53.09,47.79,66.0,88.0,10.89,RU,1601205662.0
srikakulam,18.3,83.9,87.46,69.0,58.0,7.02,IN,1601205638.0
gorontalo,0.5412,123.0595,78.26,83.0,100.0,3.94,ID,1601205663.0
avera,33.19,-82.53,64.99,84.0,90.0,1.1,US,1601205158.0
caronport,50.45,-105.816667,46.0,78.0,100.0,8.99,CA,1601205663.0
cam ranh,11.92,109.16,84.2,79.0,40.0,5.82,VN,1601205663.0
beitbridge,-22.216666699999998,30.0,85.98,32.0,0.0,19.46,ZW,1601205664.0
zhanakorgan,43.91,67.248056,66.0,25.0,0.0,26.42,KZ,1601205276.0
nioro,13.35,-15.75,85.12,75.0,97.0,6.02,GM,1601205172.0
senneterre,48.38,-77.23,60.8,100.0,90.0,16.11,CA,1601205664.0
dese,11.133333,39.633333,65.39,58.0,54.0,12.44,ET,1601205664.0
belyy yar,53.6,91.39,53.6,50.0,43.0,4.47,RU,1601205205.0
coquimbo,-29.953333,-71.343611,46.4,87.0,0.0,4.7,CL,1601205665.0
gairo,39.85,9.5,60.8,63.0,20.0,11.41,IT,1601205665.0
tumut,-35.300159,148.22,40.64,86.0,3.0,2.19,AU,1601205665.0
williamsport,41.241111100000005,-77.00138890000001,59.0,93.0,90.0,5.82,US,1601205666.0
sobolevo,54.43,31.9,65.52,52.0,0.0,18.37,RU,1601205666.0
arlit,18.74,7.39,98.44,18.0,68.0,9.17,NE,1601205223.0
barentu,15.1138889,37.5927778,90.46,29.0,0.0,6.78,ER,1601205666.0
serenje,-13.233333300000002,30.24,95.34,10.0,1.0,11.95,ZM,1601205667.0
kapustin yar,48.581752,45.744807,70.2,23.0,82.0,20.58,RU,1601205667.0
sechura,-5.56,-80.8202778,60.58,87.0,68.0,10.54,PE,1601205228.0
srednekolymsk,67.45,153.683333,43.45,62.0,100.0,8.95,RU,1601205451.0
lagoa,39.05,-27.98,70.48,89.0,1.0,12.64,PT,1601205667.0
fontaine,45.198394,5.682654,46.4,87.0,75.0,4.7,FR,1601205668.0
winder,33.9925,-83.72027779999999,66.0,93.0,90.0,1.72,US,1601205668.0
bahia honda,22.9036111,-83.1591667,77.43,85.0,38.0,1.95,CU,1601205668.0
paso de carrasco,-34.8602778,-56.05222220000001,59.0,100.0,90.0,5.82,UY,1601205668.0
omboue,-1.5666666999999999,9.26,81.25,62.0,43.0,10.11,GA,1601205668.0
leningradskiy,69.38,178.42,28.51,93.0,80.0,5.53,RU,1601205147.0
mont-dore,-22.283333300000002,166.58333330000002,69.8,100.0,90.0,1.12,NC,1601205669.0
kungurtug,50.599444,97.522778,39.4,64.0,31.0,2.98,RU,1601205669.0
deer lake,49.17,-57.433333,59.0,82.0,90.0,17.22,CA,1601205669.0
along,28.166666999999997,94.766667,72.18,90.0,100.0,1.83,IN,1601205195.0
dolores,-36.31,-57.68,57.45,97.0,98.0,6.02,AR,1601205670.0
kyzyl-suu,42.3408333,77.9980556,54.66,44.0,93.0,2.91,KG,1601205670.0
mezen,65.85,44.24,47.91,85.0,97.0,9.98,RU,1601205512.0
campos altos,-19.7,-46.166667,74.64,35.0,0.0,4.43,BR,1601205670.0
ende,-8.8432,121.6623,78.62,79.0,90.0,4.0,ID,1601205671.0
wajima,37.4,136.9,60.8,93.0,40.0,4.7,JP,1601205671.0
tarko-sale,64.9225,77.785,57.99,77.0,77.0,15.32,RU,1601205671.0
dandeli,15.266667000000002,74.616667,80.6,69.0,75.0,12.75,IN,1601205671.0
pangody,65.85,74.49,53.91,83.0,75.0,19.06,RU,1601205671.0
madang,-5.2166667,145.8,79.18,86.0,52.0,5.7,PG,1601205673.0
odweyne,9.41,45.06,89.44,26.0,44.0,3.49,SO,1601205673.0
itapuranga,-15.56,-49.95,80.51,30.0,0.0,2.51,BR,1601205673.0
orbetello,42.44,11.216667,53.6,100.0,90.0,12.75,IT,1601205673.0
semenyih,2.9516,101.84299999999999,84.99,74.0,20.0,3.36,MY,1601205395.0
sadova,43.9,23.95,73.0,35.0,0.0,9.17,RO,1601205674.0
farafangana,-22.8166667,47.8333333,77.14,71.0,6.0,14.07,MG,1601205674.0
zyryanka,65.75,150.85,45.0,58.0,89.0,12.12,RU,1601205674.0
nanortalik,60.14,-45.24,37.4,78.0,0.0,12.39,GL,1601205179.0
eureka,40.8022222,-124.1625,55.0,96.0,0.0,5.77,US,1601205218.0
tymovskoye,50.845556,142.655,43.12,82.0,92.0,3.51,RU,1601205675.0
nanyuki,0.0166667,37.0666667,76.75,40.0,3.0,12.33,KE,1601205675.0
salamiyah,35.01,37.05,94.03,19.0,0.0,7.9,SY,1601205675.0
tadine,-21.55,167.8833333,73.29,90.0,92.0,3.91,NC,1601205676.0
alta floresta,-9.88,-56.09,74.95,81.0,6.0,1.92,BR,1601205254.0
snyder,32.7177778,-100.91722220000001,68.0,77.0,1.0,9.17,US,1601205676.0
tukums,56.9669444,23.1552778,71.6,49.0,1.0,9.17,LV,1601205676.0
newport,51.59,-3.0,61.0,75.0,0.0,1.01,GB,1601205291.0
atikokan,48.76,-91.616667,50.4,95.0,75.0,8.57,CA,1601205555.0
honiara,-9.433333300000001,159.95,75.2,100.0,75.0,12.75,SB,1601205181.0
lillooet,50.69,-121.94,46.4,93.0,1.0,3.36,CA,1601205677.0
victoria point,-27.58329,153.3,64.0,47.0,0.0,1.99,AU,1601205677.0
santiago,-33.46,-70.65,55.0,86.0,0.0,1.25,CL,1601205671.0
baykit,61.67,96.37,43.14,74.0,95.0,6.82,RU,1601205164.0
gurh,24.516667,81.516667,89.76,52.0,59.0,7.25,IN,1601205678.0
manta,-0.95,-80.73,70.16,88.0,61.0,6.98,EC,1601205678.0
qui nhon,13.766667000000002,109.233333,80.94,81.0,100.0,4.63,VN,1601205678.0
kaitangata,-46.275,169.85,37.0,72.0,53.0,11.01,NZ,1601205167.0
leshukonskoye,64.898939,45.762196,59.25,77.0,95.0,3.36,RU,1601205679.0
kirakira,-10.45,161.91666669999998,79.84,82.0,80.0,14.09,SB,1601205138.0
ambatondrazaka,-17.8333333,48.4166667,89.06,26.0,48.0,1.95,MG,1601205679.0
kokopo,-4.35,152.26,79.03,82.0,97.0,9.24,PG,1601205679.0
kenora,49.82,-94.43,51.01,87.0,75.0,8.05,CA,1601205680.0
benjamin constant,-4.38,-70.02972199999999,73.4,100.0,75.0,2.24,BR,1601205680.0
udachnyy,66.416667,112.4,32.0,90.0,90.0,8.95,RU,1601205517.0
sai buri,6.701306,101.61675,84.2,66.0,20.0,3.36,TH,1601205680.0
taoudenni,22.68,-3.9833333,107.47,7.0,0.0,6.51,ML,1601205241.0
chik,54.9928,82.4311,51.8,62.0,75.0,2.24,RU,1601205681.0
liverpool,53.41,-2.98,57.0,62.0,0.0,6.93,GB,1601205681.0
nsanje,-16.9166667,35.26,114.46,9.0,1.0,3.18,MW,1601205681.0
evensk,61.95,159.23333300000002,41.13,93.0,12.0,6.58,RU,1601205189.0
sihora,23.483333,80.116667,86.0,62.0,40.0,9.17,IN,1601205682.0
axams,47.21,11.29,55.99,54.0,20.0,9.17,AT,1601205682.0
carndonagh,55.25,-7.2666667,53.6,81.0,20.0,3.36,IE,1601205683.0
betanzos,43.28,-8.21,64.0,72.0,75.0,5.82,ES,1601205683.0
santana,-0.06,-51.18,77.0,94.0,40.0,2.24,BR,1601205683.0
azuaga,38.266667,-5.683333,69.01,55.0,0.0,8.01,ES,1601205683.0
college,64.8569444,-147.80277780000003,39.2,86.0,20.0,8.05,US,1601205130.0
hua hin,12.57,99.96,80.6,100.0,40.0,1.12,TH,1601205684.0
conceicao da barra,-18.59,-39.73,76.14,68.0,0.0,7.05,BR,1601205684.0
dowa,-13.65,33.94,87.8,25.0,27.0,16.11,MW,1601205684.0
tripoli,32.88,13.19,85.06,50.0,67.0,9.22,LY,1601204955.0
palestine,31.92,35.2,90.0,52.0,0.0,16.11,PS,1601205685.0
chitipa,-9.7,33.2666667,103.15,10.0,70.0,2.39,MW,1601205685.0
bone,51.97,12.14,57.0,74.0,100.0,4.0,DE,1601205685.0
mindelo,16.89,-24.98,84.2,74.0,75.0,23.04,CV,1601205685.0
qitaihe,45.8,130.85,53.13,80.0,9.0,6.46,CN,1601205686.0
zaraza,9.35,-65.3166667,74.75,95.0,76.0,1.39,VE,1601205686.0
tobermory,45.25,-81.67,64.0,86.0,97.0,7.0,CA,1601205686.0
east bethel,45.319444399999995,-93.20222220000001,55.0,90.0,75.0,1.01,US,1601205686.0
dong hoi,17.48,106.6,82.71,80.0,100.0,5.21,VN,1601205522.0
victor harbor,-35.57,138.62153600000002,54.0,92.0,18.0,6.85,AU,1601205687.0
malente,54.17,10.56,55.4,87.0,75.0,4.7,DE,1601205688.0
gigmoto,13.7796,124.39,81.9,80.0,69.0,6.55,PH,1601205688.0
hoa binh,20.813333,105.338333,80.6,74.0,75.0,4.7,VN,1601205442.0
xingyi,24.19,102.82,65.26,95.0,89.0,4.88,CN,1601205688.0
petropavlovsk-kamchatskiy,53.0452,158.6483,39.2,100.0,88.0,6.71,RU,1601205231.0
magadan,59.566667,150.8,42.89,88.0,51.0,9.48,RU,1601205105.0
abu samrah,35.3,37.18,94.26,21.0,0.0,7.87,SY,1601205689.0
mezhdurechensk,53.69,88.06,48.36,65.0,78.0,2.24,RU,1601205689.0
bay roberts,47.6,-53.26,57.99,56.0,92.0,14.2,CA,1601205689.0
araouane,18.9,-3.53,100.99,8.0,5.0,7.63,ML,1601205689.0
vestmanna,62.16,-7.1666667,46.4,87.0,100.0,16.11,FO,1601205228.0
khem karan,31.142778000000003,74.56666700000001,98.6,32.0,0.0,3.36,IN,1601205691.0
alugan,12.2188,125.4808,82.81,80.0,37.0,6.51,PH,1601205691.0
magadi,12.97,77.23,80.6,61.0,75.0,6.93,IN,1601205691.0
yamada,39.466667,141.95,60.48,87.0,75.0,4.81,JP,1601205692.0
vuktyl,63.856667,57.30944399999999,60.35,72.0,50.0,8.52,RU,1601205692.0
madingou,-4.1536111,13.55,85.57,51.0,97.0,7.07,CG,1601205692.0
harsud,22.1,76.733333,83.62,74.0,77.0,6.87,IN,1601205692.0
urambo,-5.0666667,32.05,96.15,22.0,49.0,5.03,TZ,1601205692.0
fort frances,48.6,-93.4,50.0,87.0,1.0,5.82,CA,1601205693.0
atar,20.5166667,-13.05,96.58,17.0,0.0,18.81,MR,1601205693.0
sibolga,1.7427,98.7792,79.0,73.0,93.0,1.16,ID,1601205280.0
tazovskiy,67.466667,78.7,46.51,77.0,89.0,13.91,RU,1601205568.0
hurghada,27.26,33.81,93.2,32.0,0.0,11.41,EG,1601205693.0
kortkeros,61.810565000000004,51.580564,64.4,59.0,26.0,6.71,RU,1601205694.0
port lincoln,-34.72625,135.87442,55.22,70.0,100.0,16.44,AU,1601205142.0
tanabe,33.733333,135.366667,71.6,60.0,20.0,11.41,JP,1601205694.0
catemaco,18.416667,-95.116667,71.82,91.0,100.0,0.54,MX,1601205694.0
sile,41.175403,29.613329999999998,84.99,32.0,0.0,5.99,TR,1601205695.0
chifeng,42.268333,118.96361100000001,65.35,51.0,63.0,9.48,CN,1601205695.0
otacilio costa,-27.48,-50.116667,66.6,71.0,14.0,1.86,BR,1601205695.0
tazmalt,36.387222200000004,4.4016667,62.6,77.0,75.0,5.82,DZ,1601205695.0
lima,-12.04,-77.03,59.0,93.0,90.0,5.82,PE,1601205145.0
koumac,-20.5666667,164.2833333,73.63,83.0,68.0,10.13,NC,1601205222.0
jiuquan,39.738170000000004,98.52,65.53,25.0,80.0,2.77,CN,1601205696.0
bilibino,68.05,166.44,27.19,95.0,33.0,1.95,RU,1601205697.0
panalingaan,8.784167,117.423056,81.01,81.0,100.0,4.94,PH,1601205697.0
iquitos,-3.7480556000000003,-73.24722220000001,71.58,92.0,92.0,1.97,PE,1601205454.0
krasnyy klyuch,55.38625,56.652871,61.29,61.0,32.0,4.65,RU,1601205697.0
hay river,60.82,-115.8,44.6,100.0,90.0,2.24,CA,1601205698.0
kapoeta,4.7716667,33.5902778,80.1,63.0,98.0,5.88,SS,1601205698.0
jingdezhen,29.2947,117.20788700000001,67.75,93.0,91.0,4.47,CN,1601205698.0
quatre cocos,-20.207777800000002,57.7625,77.0,73.0,75.0,14.99,MU,1601205285.0
broken hill,-31.95,141.43,55.4,47.0,0.0,5.82,AU,1601205698.0
chester,40.13,-75.87,66.0,100.0,90.0,1.5,US,1601205699.0
yulara,-25.24,130.99,87.8,14.0,40.0,13.87,AU,1601205699.0
ishinomaki,38.416667,141.3,66.2,82.0,75.0,4.7,JP,1601205594.0
moussoro,13.6425,16.4888889,96.69,28.0,81.0,9.66,TD,1601205700.0
miyako,39.636666999999996,141.9525,60.04,86.0,65.0,3.67,JP,1601205597.0
fomboni,-12.28,43.7425,78.26,77.0,29.0,20.09,KM,1601205700.0
igrim,63.1906,64.4162,63.03,65.0,52.0,9.91,RU,1601205588.0
deep river,46.1,-77.5,64.4,82.0,1.0,8.05,CA,1601205700.0
boca do acre,-8.75,-67.4,73.36,89.0,0.0,2.35,BR,1601205701.0
guaratinga,-16.566667000000002,-39.566666999999995,75.2,78.0,40.0,3.36,BR,1601205701.0
safford,32.8338889,-109.70694440000001,66.2,34.0,1.0,5.82,US,1601205701.0
dera bugti,29.030690000000003,69.150992,96.3,16.0,0.0,9.24,PK,1601205701.0
diffa,13.315555599999998,12.6088889,98.4,23.0,80.0,6.71,NE,1601205207.0
bumbuna,9.05,-11.733333300000002,82.06,74.0,91.0,1.61,SL,1601205702.0
vygonichi,53.098549,34.067284,69.8,32.0,0.0,17.9,RU,1601205702.0
isiolo,0.35,37.5833333,88.43,29.0,8.0,10.83,KE,1601205702.0
kirillov,59.862993,38.381275,68.0,49.0,5.0,4.47,RU,1601205703.0
mitha tiwana,32.248611,72.110833,100.54,14.0,0.0,5.39,PK,1601205703.0
marica,-22.916667,-42.816666999999995,78.8,88.0,95.0,5.82,BR,1601205703.0
kendari,-3.945,122.49888899999999,77.41,85.0,64.0,5.17,ID,1601205703.0
killybegs,54.6333333,-8.45,53.6,71.0,51.0,8.05,IE,1601205703.0
porto murtinho,-21.7,-57.88,87.82,42.0,0.0,9.04,BR,1601205704.0
puerto baquerizo moreno,-0.9,-89.6,65.86,88.0,61.0,13.2,EC,1601205704.0
mansa,29.98,75.38,100.11,18.0,2.0,3.6,IN,1601205704.0
novyy urgal,51.073611,132.564167,52.95,75.0,98.0,8.32,RU,1601205194.0
marystown,47.166667,-55.15,60.01,100.0,67.0,3.0,CA,1601205705.0
maragogi,-9.01,-35.216667,78.08,76.0,100.0,6.33,BR,1601205207.0
havoysund,71.000556,24.66,44.6,56.0,21.0,13.87,NO,1601205706.0
mattru,7.62,-11.83,81.59,77.0,82.0,2.3,SL,1601205233.0
vangaindrano,-23.35,47.6,80.38,62.0,4.0,11.81,MG,1601205706.0
vale da amoreira,39.069687,-7.69849,72.0,50.0,10.0,13.0,PT,1601205706.0
te anau,-45.416667,167.716667,32.83,92.0,78.0,7.45,NZ,1601205707.0
gillette,44.2911111,-105.50166670000002,46.0,48.0,75.0,11.41,US,1601205707.0
la ronge,55.1,-105.28,46.4,81.0,75.0,10.29,CA,1601205707.0
mudgee,-32.59,149.59,48.2,66.0,18.0,5.82,AU,1601205290.0
raahe,64.68333299999999,24.483333,53.6,93.0,90.0,8.05,FI,1601205260.0
middlebury,44.0152778,-73.1677778,68.0,77.0,90.0,6.93,US,1601205708.0
barkot,30.816667,78.2,75.9,42.0,0.0,5.37,IN,1601205708.0
rawson,-43.300158,-65.10228000000001,51.37,53.0,0.0,7.54,AR,1601205193.0
nueve de julio,-35.444373999999996,-60.883131000000006,54.0,97.0,100.0,5.01,AR,1601205708.0
poum,-20.2333333,164.0166667,75.2,81.0,65.0,13.73,NC,1601205709.0
zhaotong,27.316667,103.716667,57.02,92.0,98.0,5.93,CN,1601205709.0
oksfjord,70.23916700000001,22.35,46.4,61.0,6.0,13.87,NO,1601205709.0
campbellton,48.01,-66.666667,53.74,85.0,100.0,4.5,CA,1601205709.0
murnau,48.23,12.29,57.99,64.0,17.0,3.0,DE,1601205709.0
ramotswa,-24.8666667,25.87,84.2,3.0,0.0,11.41,BW,1601205710.0
egvekinot,66.31666700000001,-179.166667,27.86,92.0,1.0,7.07,RU,1601205710.0
kultuk,51.720833,103.69555600000001,43.47,70.0,50.0,2.33,RU,1601205710.0
camargo,27.67,-105.17,69.82,37.0,0.0,5.12,MX,1601205711.0
ankazobe,-18.3166667,47.1166667,82.4,24.0,40.0,5.82,MG,1601205711.0
padre bernardo,-15.35,-48.5,80.33,30.0,0.0,3.36,BR,1601205711.0
sironko,1.23,34.2522222,84.43,49.0,29.0,2.53,UG,1601205711.0
awbari,26.59,12.78,101.61,9.0,0.0,13.98,LY,1601205711.0
russell,32.35,-85.2,69.8,94.0,90.0,1.3,US,1601205712.0
korla,41.759722,86.14694399999999,63.0,88.0,88.0,3.0,CN,1601205712.0
kaeo,-35.1,173.783333,54.0,93.0,4.0,7.0,NZ,1601205712.0
flinders,-34.58,150.86,52.0,69.0,11.0,1.01,AU,1601205156.0
half moon bay,37.4636111,-122.4275,62.6,77.0,20.0,5.48,US,1601205712.0
sarangani,5.403333,125.46361100000001,84.09,75.0,99.0,12.5,PH,1601205713.0
mkushi,-13.616666699999998,29.39,102.36,8.0,0.0,3.87,ZM,1601205713.0
lichuan,30.3,108.85,54.63,93.0,100.0,3.22,CN,1601205713.0
oranjestad,12.52,-70.03,80.6,88.0,20.0,4.7,AW,1601205713.0
marfino,55.7,37.38,64.4,42.0,56.0,13.42,RU,1601205713.0
kaffrine,14.11,-15.55,84.2,79.0,9.0,4.7,SN,1601205714.0
subtanjalla,-14.0188889,-75.75805559999999,55.99,87.0,0.0,3.36,PE,1601205714.0
